date,Bronx,Brooklyn,Manhattan,Queens,Staten Island
2021-01-01,2,2,1,3,4
2021-01-02,4,10,5,14,6
2021-01-03,5,8,4,16,1
2021-01-04,3,20,1,20,5
2021-01-05,10,20,4,22,6
2021-01-06,5,26,6,22,3
2021-01-07,7,9,2,19,4
2021-01-08,4,14,1,12,5
2021-01-09,4,4,2,5,3
2021-01-10,1,6,1,5,3
2021-01-11,5,20,1,16,3
2021-01-12,7,11,3,10,3
2021-01-13,5,8,0,24,5
2021-01-14,6,7,1,6,1
2021-01-15,4,12,5,20,7
2021-01-16,4,11,2,4,5
2021-01-17,1,8,1,9,7
2021-01-18,3,17,0,12,2
2021-01-19,4,12,2,14,5
2021-01-20,6,12,1,14,1
2021-01-21,4,11,2,12,2
2021-01-22,5,6,1,13,4
2021-01-23,2,11,5,7,2
2021-01-24,2,2,0,7,0
2021-01-25,5,19,0,13,3
2021-01-26,4,7,2,14,1
2021-01-27,0,5,4,9,2
2021-01-28,5,11,3,14,2
2021-01-29,3,18,1,13,8
2021-01-30,4,9,0,6,3
2021-01-31,2,4,0,5,3
2021-02-01,0,9,1,5,4
2021-02-02,1,8,2,11,2
2021-02-03,2,6,2,4,2
2021-02-04,3,1,4,5,3
2021-02-05,5,5,2,2,0
2021-02-06,3,5,4,9,2
2021-02-07,0,7,11,14,2
2021-02-08,1,9,3,17,3
2021-02-09,4,8,0,19,1
2021-02-10,3,8,1,5,3
2021-02-11,3,6,0,5,5
2021-02-12,2,9,2,5,4
2021-02-13,0,1,0,6,1
2021-02-14,0,0,0,4,0
2021-02-15,0,7,0,3,0
2021-02-16,4,6,3,12,8
2021-02-17,0,7,3,5,5
2021-02-18,3,5,0,7,1
2021-02-19,2,2,0,6,4
2021-02-20,1,2,1,3,0
2021-02-21,2,2,0,4,0
2021-02-22,1,7,1,9,5
2021-02-23,2,11,2,11,2
2021-02-24,4,4,0,14,3
2021-02-25,3,16,0,12,0
2021-02-26,1,10,0,7,4
2021-02-27,1,4,2,13,3
2021-02-28,2,10,2,3,2
2021-03-01,7,21,2,15,6
2021-03-02,10,60,3,39,11
2021-03-03,7,12,4,18,2
2021-03-04,1,12,1,10,7
2021-03-05,5,12,3,12,9
2021-03-06,4,16,1,12,0
2021-03-07,0,16,3,7,5
2021-03-08,2,14,2,12,10
2021-03-09,2,6,2,7,6
2021-03-10,6,17,2,20,3
2021-03-11,8,17,1,14,19
2021-03-12,5,15,5,16,6
2021-03-13,3,15,0,17,1
2021-03-14,6,17,5,24,11
2021-03-15,8,28,5,26,9
2021-03-16,4,12,2,14,4
2021-03-17,4,15,1,17,3
2021-03-18,4,11,2,17,10
2021-03-19,4,28,2,17,6
2021-03-20,2,9,0,9,5
2021-03-21,4,1,1,15,7
2021-03-22,13,11,4,16,8
2021-03-23,3,20,7,11,4
2021-03-24,5,10,6,24,3
2021-03-25,3,20,3,16,4
2021-03-26,12,23,4,45,23
2021-03-27,11,14,3,32,13
2021-03-28,0,3,1,9,6
2021-03-29,12,35,11,44,15
2021-03-30,3,17,2,28,3
2021-03-31,10,17,3,24,2
2021-04-01,6,6,4,17,10
2021-04-02,3,12,1,15,8
2021-04-03,2,6,2,14,1
2021-04-04,1,9,0,4,6
2021-04-05,8,24,1,24,3
2021-04-06,9,18,0,18,3
2021-04-07,1,18,4,19,5
2021-04-08,5,14,5,17,8
2021-04-09,3,14,1,18,4
2021-04-10,1,6,4,14,1
2021-04-11,2,9,1,5,3
2021-04-12,4,14,4,13,7
2021-04-13,3,15,2,18,5
2021-04-14,3,31,1,16,6
2021-04-15,3,16,7,8,6
2021-04-16,8,16,9,10,4
2021-04-17,1,20,2,8,3
2021-04-18,3,6,0,6,3
2021-04-19,1,15,2,25,8
2021-04-20,3,15,2,13,6
2021-04-21,3,22,4,27,11
2021-04-22,21,26,3,27,9
2021-04-23,10,14,3,16,9
2021-04-24,6,8,2,15,4
2021-04-25,4,10,0,7,2
2021-04-26,14,16,1,25,6
2021-04-27,1,7,0,22,3
2021-04-28,4,28,7,19,7
2021-04-29,7,19,5,15,5
2021-04-30,16,54,12,128,31
2021-05-01,32,104,8,96,18
2021-05-02,6,34,5,32,4
2021-05-03,4,42,1,36,5
2021-05-04,8,30,4,30,11
2021-05-05,3,26,2,20,4
2021-05-06,2,24,3,32,4
2021-05-07,3,12,4,18,4
2021-05-08,2,12,1,15,5
2021-05-09,1,7,0,8,1
2021-05-10,2,17,3,29,10
2021-05-11,9,25,5,22,10
2021-05-12,6,19,0,22,11
2021-05-13,4,11,4,22,3
2021-05-14,1,33,5,31,8
2021-05-15,4,9,5,11,6
2021-05-16,4,10,1,3,2
2021-05-17,10,15,2,22,6
2021-05-18,9,31,2,33,8
2021-05-19,5,22,2,22,6
2021-05-20,6,21,8,37,12
2021-05-21,4,16,2,23,5
2021-05-22,1,14,2,11,8
2021-05-23,7,21,4,18,2
2021-05-24,8,34,8,32,3
2021-05-25,5,23,2,27,5
2021-05-26,15,32,9,23,9
2021-05-27,18,18,8,32,11
2021-05-28,4,29,0,40,8
2021-05-29,16,64,11,77,20
2021-05-30,10,16,6,22,2
2021-05-31,4,28,7,34,4
2021-06-01,9,47,13,41,21
2021-06-02,11,39,8,35,9
2021-06-03,20,33,3,21,8
2021-06-04,19,73,16,38,21
2021-06-05,26,33,10,29,15
2021-06-06,8,20,3,28,3
2021-06-07,10,39,9,32,14
2021-06-08,10,80,13,31,21
2021-06-09,17,52,17,43,15
2021-06-10,11,45,15,24,19
2021-06-11,7,37,2,35,18
2021-06-12,5,15,9,10,7
2021-06-13,2,12,5,12,3
2021-06-14,14,40,4,21,6
2021-06-15,5,53,4,32,19
2021-06-16,10,17,1,37,12
2021-06-17,8,33,9,36,7
2021-06-18,3,28,4,22,12
2021-06-19,2,14,5,22,3
2021-06-20,2,19,2,14,3
2021-06-21,13,33,8,35,10
2021-06-22,10,42,6,20,15
2021-06-23,5,32,6,26,15
2021-06-24,9,29,5,18,7
2021-06-25,7,38,3,22,9
2021-06-26,3,13,2,24,12
2021-06-27,6,12,5,21,7
2021-06-28,11,36,4,15,17
2021-06-29,10,35,5,32,19
2021-06-30,8,38,2,39,10
2021-07-01,20,47,9,47,14
2021-07-02,20,47,7,61,13
2021-07-03,10,20,1,30,5
2021-07-04,3,8,2,15,3
2021-07-05,10,9,2,16,5
2021-07-06,46,95,25,302,35
2021-07-07,98,221,80,780,116
2021-07-08,31,105,14,275,30
2021-07-09,32,99,35,259,56
2021-07-10,16,59,9,105,9
2021-07-11,13,27,7,67,10
2021-07-12,21,55,18,105,23
2021-07-13,12,68,8,78,18
2021-07-14,13,36,11,61,16
2021-07-15,7,40,5,57,13
2021-07-16,12,32,3,61,10
2021-07-17,8,21,4,50,8
2021-07-18,9,39,4,34,18
2021-07-19,11,39,11,60,16
2021-07-20,16,33,2,50,11
2021-07-21,3,33,15,36,9
2021-07-22,9,39,6,49,5
2021-07-23,14,37,3,48,15
2021-07-24,5,17,6,34,3
2021-07-25,3,19,0,29,6
2021-07-26,9,36,1,77,8
2021-07-27,19,29,4,51,13
2021-07-28,29,28,6,70,11
2021-07-29,17,34,6,47,15
2021-07-30,12,37,6,84,17
2021-07-31,4,19,5,47,6
2021-08-01,8,13,4,26,4
2021-08-02,9,29,4,33,8
2021-08-03,13,31,6,38,14
2021-08-04,15,28,1,32,15
2021-08-05,8,31,3,34,8
2021-08-06,10,21,3,34,6
2021-08-07,4,16,6,21,3
2021-08-08,8,13,1,27,5
2021-08-09,3,35,2,67,16
2021-08-10,8,23,1,43,8
2021-08-11,12,47,8,35,12
2021-08-12,14,37,4,39,16
2021-08-13,15,30,3,38,10
2021-08-14,8,9,3,36,4
2021-08-15,9,15,11,27,2
2021-08-16,5,21,3,27,9
2021-08-17,5,30,6,30,17
2021-08-18,11,22,6,27,10
2021-08-19,13,43,0,44,15
2021-08-20,11,27,5,44,7
2021-08-21,7,23,3,24,8
2021-08-22,16,65,9,46,9
2021-08-23,36,98,7,81,28
2021-08-24,31,52,7,40,8
2021-08-25,15,26,17,41,10
2021-08-26,9,36,4,36,6
2021-08-27,10,51,3,29,44
2021-08-28,9,30,1,26,21
2021-08-29,3,21,0,14,4
2021-08-30,12,27,3,37,19
2021-08-31,10,53,4,39,20
2021-09-01,21,34,7,34,12
2021-09-02,248,130,149,212,138
2021-09-03,48,46,24,60,33
2021-09-04,29,15,10,39,8
2021-09-05,13,16,5,19,11
2021-09-06,12,18,11,20,7
2021-09-07,17,20,11,44,23
2021-09-08,19,19,12,48,21
2021-09-09,29,34,12,46,10
2021-09-10,14,43,17,70,10
2021-09-11,6,17,5,20,22
2021-09-12,7,20,5,21,11
2021-09-13,16,34,5,38,12
2021-09-14,11,33,1,35,36
2021-09-15,11,25,5,33,18
2021-09-16,11,20,4,40,20
2021-09-17,10,35,1,27,2
2021-09-18,6,17,0,19,8
2021-09-19,9,10,1,21,2
2021-09-20,13,25,3,29,10
2021-09-21,7,12,3,22,9
2021-09-22,6,24,7,29,9
2021-09-23,20,56,12,87,22
2021-09-24,9,56,3,74,17
2021-09-25,2,15,0,15,9
2021-09-26,4,14,3,18,4
2021-09-27,7,24,5,32,18
2021-09-28,11,11,6,30,10
2021-09-29,3,17,2,26,5
2021-09-30,2,17,1,30,7
2021-10-01,2,27,0,10,7
2021-10-02,2,3,2,14,8
2021-10-03,1,4,1,17,3
2021-10-04,13,25,0,23,13
2021-10-05,8,19,1,22,5
2021-10-06,7,14,1,10,7
2021-10-07,8,31,5,23,7
2021-10-08,3,22,3,14,8
2021-10-09,1,12,1,12,2
2021-10-10,2,22,2,9,2
2021-10-11,6,28,3,28,8
2021-10-12,0,21,2,21,9
2021-10-13,2,15,0,18,4
2021-10-14,3,15,4,19,5
2021-10-15,8,43,4,37,20
2021-10-16,3,20,0,22,3
2021-10-17,6,19,0,19,4
2021-10-18,3,35,9,17,12
2021-10-19,9,32,4,15,12
2021-10-20,7,20,2,18,12
2021-10-21,0,24,6,25,8
2021-10-22,10,20,5,23,7
2021-10-23,5,9,3,11,4
2021-10-24,4,9,0,10,7
2021-10-25,6,16,1,14,6
2021-10-26,20,47,3,48,21
2021-10-27,19,79,12,118,25
2021-10-28,15,26,2,39,5
2021-10-29,11,32,2,28,12
2021-10-30,20,51,6,77,47
2021-10-31,9,19,1,19,10
2021-11-01,11,27,0,27,16
2021-11-02,8,18,2,19,8
2021-11-03,4,17,5,17,10
2021-11-04,3,18,2,16,6
2021-11-05,4,16,3,22,9
2021-11-06,5,7,0,6,4
2021-11-07,1,3,1,6,8
2021-11-08,9,26,1,23,5
2021-11-09,1,28,2,17,9
2021-11-10,6,16,2,14,2
2021-11-11,11,12,5,14,2
2021-11-12,6,30,3,49,7
2021-11-13,11,45,3,93,39
2021-11-14,14,30,2,50,26
2021-11-15,9,23,3,30,16
2021-11-16,9,29,3,39,11
2021-11-17,5,18,2,15,8
2021-11-18,9,18,3,28,22
2021-11-19,3,9,2,15,8
2021-11-20,6,10,6,11,4
2021-11-21,5,8,1,7,6
2021-11-22,1,16,4,9,6
2021-11-23,4,15,1,24,2
2021-11-24,3,7,3,9,5
2021-11-25,1,4,0,13,0
2021-11-26,3,16,2,15,8
2021-11-27,5,12,1,8,4
2021-11-28,5,11,0,14,1
2021-11-29,2,19,0,15,0
2021-11-30,4,15,2,21,8
2021-12-01,4,15,2,7,2
2021-12-02,1,6,0,20,3
2021-12-03,5,10,0,34,9
2021-12-04,0,6,0,7,2
2021-12-05,4,4,0,13,1
2021-12-06,8,11,1,21,2
2021-12-07,11,27,2,65,5
2021-12-08,9,8,4,28,3
2021-12-09,6,11,1,23,5
2021-12-10,7,10,1,19,2
2021-12-11,0,12,0,9,9
2021-12-12,6,16,1,12,6
2021-12-13,7,18,2,20,6
2021-12-14,6,15,1,6,3
2021-12-15,4,4,2,8,2
2021-12-16,2,13,4,16,6
2021-12-17,2,10,2,8,4
2021-12-18,1,3,3,5,1
2021-12-19,3,6,1,6,0
2021-12-20,3,12,3,6,2
2021-12-21,4,10,1,6,2
2021-12-22,5,15,2,6,2
2021-12-23,0,8,5,6,1
2021-12-24,2,2,1,3,0
2021-12-25,1,0,0,1,0
2021-12-26,1,4,1,2,2
2021-12-27,4,11,0,5,3
2021-12-28,1,5,1,11,1
2021-12-29,1,6,1,4,6
2021-12-30,4,5,4,4,2
2021-12-31,2,5,3,1,2
